Series Name,Series Code,Country Name,Country Code,1990 [YR1990],2000 [YR2000],2011 [YR2011],2012 [YR2012],2013 [YR2013],2014 [YR2014],2015 [YR2015],2016 [YR2016],2017 [YR2017],2018 [YR2018],2019 [YR2019],2020 [YR2020]
"Unemployment, total (% of total labor force) (modeled ILO estimate)",SL.UEM.TOTL.ZS,Afghanistan,AFG,..,11.65,11.51,11.52,11.54,11.45,11.39,11.31,11.18,11.06,10.98,11.73
"Unemployment, total (% of total labor force) (modeled ILO estimate)",SL.UEM.TOTL.ZS,Albania,ALB,..,16.58,13.48,13.38,15.87,18.06,17.19,15.42,13.62,12.3,11.47,11.7
"Unemployment, total (% of total labor force) (modeled ILO estimate)",SL.UEM.TOTL.ZS,Algeria,DZA,..,29.77,9.96,10.97,9.82,10.21,11.21,10.2,12,11.89,11.81,12.83
"Unemployment, total (% of total labor force) (modeled ILO estimate)",SL.UEM.TOTL.ZS,American Samoa,ASM,..,..,..,..,..,..,..,..,..,..,..,..
"Unemployment, total (% of total labor force) (modeled ILO estimate)",SL.UEM.TOTL.ZS,Andorra,AND,..,..,..,..,..,..,..,..,..,..,..,..
"Unemployment, total (% of total labor force) (modeled ILO estimate)",SL.UEM.TOTL.ZS,Angola,AGO,..,3.87,7.36,7.37,7.38,7.31,7.26,7.2,7.1,7,6.93,7.7
"Unemployment, total (% of total labor force) (modeled ILO estimate)",SL.UEM.TOTL.ZS,Antigua and Barbuda,ATG,..,..,..,..,..,..,..,..,..,..,..,..
"Unemployment, total (% of total labor force) (modeled ILO estimate)",SL.UEM.TOTL.ZS,Argentina,ARG,..,15,7.18,7.22,7.1,7.27,7.61,7.97,8.35,9.22,9.84,11.67
"Unemployment, total (% of total labor force) (modeled ILO estimate)",SL.UEM.TOTL.ZS,Armenia,ARM,..,11.05,18.44,17.3,16.18,17.5,18.26,17.62,17.71,18.97,18.81,20.21
"Unemployment, total (% of total labor force) (modeled ILO estimate)",SL.UEM.TOTL.ZS,Aruba,ABW,..,..,..,..,..,..,..,..,..,..,..,..
"Unemployment, total (% of total labor force) (modeled ILO estimate)",SL.UEM.TOTL.ZS,Australia,AUS,..,6.28,5.08,5.22,5.66,6.08,6.05,5.71,5.59,5.3,5.16,6.61
"Unemployment, total (% of total labor force) (modeled ILO estimate)",SL.UEM.TOTL.ZS,Austria,AUT,..,4.69,4.56,4.87,5.34,5.62,5.72,6.01,5.5,4.85,4.49,5.77
"Unemployment, total (% of total labor force) (modeled ILO estimate)",SL.UEM.TOTL.ZS,Azerbaijan,AZE,..,11.78,5.42,5.19,4.97,4.91,4.96,5,5,4.9,4.84,6.27
"Unemployment, total (% of total labor force) (modeled ILO estimate)",SL.UEM.TOTL.ZS,"Bahamas, The",BHS,..,7.16,14.52,14.02,16.18,13.8,12,12.7,9.8,10,10.11,14.41
"Unemployment, total (% of total labor force) (modeled ILO estimate)",SL.UEM.TOTL.ZS,Bahrain,BHR,..,0.95,1.18,1.2,1.22,1.27,1.32,1.38,1.44,1.51,1.56,4.09
"Unemployment, total (% of total labor force) (modeled ILO estimate)",SL.UEM.TOTL.ZS,Bangladesh,BGD,..,3.27,3.71,4.06,4.43,4.39,4.38,4.35,4.37,4.29,4.22,5.3
"Unemployment, total (% of total labor force) (modeled ILO estimate)",SL.UEM.TOTL.ZS,Barbados,BRB,..,9.35,11.19,11.59,11.55,12.17,11.35,9.72,9.86,10,10.1,12.79
"Unemployment, total (% of total labor force) (modeled ILO estimate)",SL.UEM.TOTL.ZS,Belarus,BLR,..,12,6.08,6.06,6.05,5.97,5.91,5.84,5.65,4.76,4.71,5.28
"Unemployment, total (% of total labor force) (modeled ILO estimate)",SL.UEM.TOTL.ZS,Belgium,BEL,..,6.59,7.14,7.54,8.43,8.52,8.48,7.83,7.09,5.95,5.36,6.01
"Unemployment, total (% of total labor force) (modeled ILO estimate)",SL.UEM.TOTL.ZS,Belize,BLZ,..,10.87,8.4,8.38,8.35,8.24,7.58,7,6.6,6.52,6.46,7.82
"Unemployment, total (% of total labor force) (modeled ILO estimate)",SL.UEM.TOTL.ZS,Benin,BEN,..,0.84,2.65,2.65,2.66,2.61,2.57,2.52,2.44,2.37,2.32,2.54
"Unemployment, total (% of total labor force) (modeled ILO estimate)",SL.UEM.TOTL.ZS,Bermuda,BMU,..,..,..,..,..,..,..,..,..,..,..,..
"Unemployment, total (% of total labor force) (modeled ILO estimate)",SL.UEM.TOTL.ZS,Bhutan,BTN,..,1.64,3.23,2.05,2.87,2.63,2.45,2.42,2.36,2.3,2.27,3.74
"Unemployment, total (% of total labor force) (modeled ILO estimate)",SL.UEM.TOTL.ZS,Bolivia,BOL,..,2.89,2.22,2.05,2.39,2.01,3.07,3.5,3.66,3.52,3.46,5.61
"Unemployment, total (% of total labor force) (modeled ILO estimate)",SL.UEM.TOTL.ZS,Bosnia and Herzegovina,BIH,..,25.67,27.58,28.01,27.49,27.52,27.69,25.41,20.53,18.4,15.69,16.85
"Unemployment, total (% of total labor force) (modeled ILO estimate)",SL.UEM.TOTL.ZS,Botswana,BWA,..,15.88,17.85,17.86,17.88,17.78,17.71,17.62,17.46,17.32,17.21,17.7
"Unemployment, total (% of total labor force) (modeled ILO estimate)",SL.UEM.TOTL.ZS,Brazil,BRA,..,9.9,6.92,7.19,6.98,6.66,8.43,11.6,12.82,12.33,11.93,13.67
"Unemployment, total (% of total labor force) (modeled ILO estimate)",SL.UEM.TOTL.ZS,British Virgin Islands,VGB,..,..,..,..,..,..,..,..,..,..,..,..
"Unemployment, total (% of total labor force) (modeled ILO estimate)",SL.UEM.TOTL.ZS,Brunei Darussalam,BRN,..,5.53,6.64,6.71,6.8,6.97,7.69,8.47,9.32,8.7,6.92,8.37
"Unemployment, total (% of total labor force) (modeled ILO estimate)",SL.UEM.TOTL.ZS,Bulgaria,BGR,..,16.22,11.26,12.27,12.94,11.42,9.14,7.58,6.16,5.21,4.23,5.71
"Unemployment, total (% of total labor force) (modeled ILO estimate)",SL.UEM.TOTL.ZS,Burkina Faso,BFA,..,2.57,5.12,5.58,6.07,6.48,6.04,5.6,5.13,4.7,4.62,4.96
"Unemployment, total (% of total labor force) (modeled ILO estimate)",SL.UEM.TOTL.ZS,Burundi,BDI,..,1.87,1.7,1.67,1.64,1.57,1.55,1.53,1.48,1.45,1.42,0.8
"Unemployment, total (% of total labor force) (modeled ILO estimate)",SL.UEM.TOTL.ZS,Cabo Verde,CPV,..,10.79,10.93,11.21,11.49,11.69,11.9,12.1,12.24,12.17,12.07,13.41
"Unemployment, total (% of total labor force) (modeled ILO estimate)",SL.UEM.TOTL.ZS,Cambodia,KHM,..,1.07,0.58,0.51,0.44,0.69,0.39,0.72,0.14,0.13,0.13,0.31
"Unemployment, total (% of total labor force) (modeled ILO estimate)",SL.UEM.TOTL.ZS,Cameroon,CMR,..,7.6,3.97,3.84,3.71,3.53,3.51,3.47,3.41,3.36,3.32,3.62
"Unemployment, total (% of total labor force) (modeled ILO estimate)",SL.UEM.TOTL.ZS,Canada,CAN,..,6.83,7.51,7.29,7.07,6.91,6.91,7,6.34,5.83,5.66,9.48
"Unemployment, total (% of total labor force) (modeled ILO estimate)",SL.UEM.TOTL.ZS,Cayman Islands,CYM,..,..,..,..,..,..,..,..,..,..,..,..
"Unemployment, total (% of total labor force) (modeled ILO estimate)",SL.UEM.TOTL.ZS,Central African Republic,CAF,..,4.47,4.38,4.38,4.39,4.34,4.3,4.25,4.17,4.09,4.04,4.33
"Unemployment, total (% of total labor force) (modeled ILO estimate)",SL.UEM.TOTL.ZS,Chad,TCD,..,1.05,1.66,1.73,1.8,1.83,1.87,1.89,1.89,1.89,1.91,2.26
"Unemployment, total (% of total labor force) (modeled ILO estimate)",SL.UEM.TOTL.ZS,Channel Islands,CHI,..,5.88,6.35,6.37,6.41,6.51,6.62,6.74,6.87,7.01,7.11,8.16
"Unemployment, total (% of total labor force) (modeled ILO estimate)",SL.UEM.TOTL.ZS,Chile,CHL,..,10.49,7.34,6.66,6.21,6.67,6.51,6.74,6.96,7.23,7.29,11.51
"Unemployment, total (% of total labor force) (modeled ILO estimate)",SL.UEM.TOTL.ZS,China,CHN,..,3.3,4.5,4.6,4.6,4.6,4.6,4.5,4.4,4.3,4.6,5
"Unemployment, total (% of total labor force) (modeled ILO estimate)",SL.UEM.TOTL.ZS,Colombia,COL,..,20.52,10.11,9.74,9.05,8.57,8.3,8.69,8.87,9.11,9.96,15.44
"Unemployment, total (% of total labor force) (modeled ILO estimate)",SL.UEM.TOTL.ZS,Comoros,COM,..,4.59,6.98,7.39,7.81,8.14,8.09,8.01,7.89,7.78,7.7,8.43
"Unemployment, total (% of total labor force) (modeled ILO estimate)",SL.UEM.TOTL.ZS,"Congo, Dem. Rep.",COD,..,2.91,4.22,4.49,4.49,4.44,4.4,4.35,4.26,4.18,4.13,4.55
"Unemployment, total (% of total labor force) (modeled ILO estimate)",SL.UEM.TOTL.ZS,"Congo, Rep.",COG,..,20,11.89,10,10.01,9.95,9.9,9.85,9.75,9.66,9.6,10.27
"Unemployment, total (% of total labor force) (modeled ILO estimate)",SL.UEM.TOTL.ZS,Costa Rica,CRI,..,5.08,10.14,9.78,8.77,9.06,9,8.6,8.14,9.63,11.49,17.08
"Unemployment, total (% of total labor force) (modeled ILO estimate)",SL.UEM.TOTL.ZS,Cote d'Ivoire,CIV,..,4.52,6.96,7.22,4.25,3.65,3.1,2.6,3.27,3.21,3.17,3.5
"Unemployment, total (% of total labor force) (modeled ILO estimate)",SL.UEM.TOTL.ZS,Croatia,HRV,..,16.06,13.68,15.94,17.25,17.29,16.18,13.1,11.21,8.43,6.62,7.2
"Unemployment, total (% of total labor force) (modeled ILO estimate)",SL.UEM.TOTL.ZS,Cuba,CUB,..,5.45,3.18,3.46,3.29,2.7,2.4,2,1.7,1.7,1.67,3.87
"Unemployment, total (% of total labor force) (modeled ILO estimate)",SL.UEM.TOTL.ZS,Curacao,CUW,..,..,..,..,..,..,..,..,..,..,..,..
"Unemployment, total (% of total labor force) (modeled ILO estimate)",SL.UEM.TOTL.ZS,Cyprus,CYP,..,4.97,7.86,11.8,15.87,16.09,14.91,12.95,11.05,8.37,7.07,7.21
"Unemployment, total (% of total labor force) (modeled ILO estimate)",SL.UEM.TOTL.ZS,Czech Republic,CZE,..,8.76,6.71,6.98,6.95,6.11,5.05,3.95,2.89,2.24,2.01,2.94
"Unemployment, total (% of total labor force) (modeled ILO estimate)",SL.UEM.TOTL.ZS,Denmark,DNK,..,4.48,7.77,7.8,7.38,6.93,6.28,5.99,5.83,5.13,5.02,5.66
"Unemployment, total (% of total labor force) (modeled ILO estimate)",SL.UEM.TOTL.ZS,Djibouti,DJI,..,11.66,11.51,11.52,11.54,11.45,11.39,11.31,11.18,11.06,10.97,11.57
"Unemployment, total (% of total labor force) (modeled ILO estimate)",SL.UEM.TOTL.ZS,Dominica,DMA,..,..,..,..,..,..,..,..,..,..,..,..
"Unemployment, total (% of total labor force) (modeled ILO estimate)",SL.UEM.TOTL.ZS,Dominican Republic,DOM,..,6.43,6.09,6.72,7.35,6.72,7.61,7.28,5.83,5.86,6.36,8.9
"Unemployment, total (% of total labor force) (modeled ILO estimate)",SL.UEM.TOTL.ZS,Ecuador,ECU,..,4.8,3.46,3.24,3.08,3.48,3.62,4.6,3.84,3.53,3.81,6.23
"Unemployment, total (% of total labor force) (modeled ILO estimate)",SL.UEM.TOTL.ZS,"Egypt, Arab Rep.",EGY,..,8.98,11.85,12.6,13.15,13.11,13.05,12.41,11.74,9.82,9.73,10.45
"Unemployment, total (% of total labor force) (modeled ILO estimate)",SL.UEM.TOTL.ZS,El Salvador,SLV,..,6.96,4.3,3.84,3.69,4.15,4,4.42,4.39,4.01,3.96,6.98
"Unemployment, total (% of total labor force) (modeled ILO estimate)",SL.UEM.TOTL.ZS,Equatorial Guinea,GNQ,..,8.54,8.42,8.43,8.44,8.36,8.31,8.24,8.13,8.03,7.95,9.15
"Unemployment, total (% of total labor force) (modeled ILO estimate)",SL.UEM.TOTL.ZS,Eritrea,ERI,..,6.87,6.76,6.77,6.78,6.71,6.66,6.6,6.5,6.41,6.34,7.44
"Unemployment, total (% of total labor force) (modeled ILO estimate)",SL.UEM.TOTL.ZS,Estonia,EST,..,13.36,12.33,10.02,8.63,7.35,6.19,6.76,5.76,5.37,4.45,6.46
"Unemployment, total (% of total labor force) (modeled ILO estimate)",SL.UEM.TOTL.ZS,Eswatini,SWZ,..,24.4,26.15,25.52,24.9,24.14,23.44,22.72,22.54,22.37,22.24,23.4
"Unemployment, total (% of total labor force) (modeled ILO estimate)",SL.UEM.TOTL.ZS,Ethiopia,ETH,..,3.49,2.3,2.28,2.25,2.22,2.2,2.17,2.12,2.07,2.04,2.79
"Unemployment, total (% of total labor force) (modeled ILO estimate)",SL.UEM.TOTL.ZS,Faroe Islands,FRO,..,..,..,..,..,..,..,..,..,..,..,..
"Unemployment, total (% of total labor force) (modeled ILO estimate)",SL.UEM.TOTL.ZS,Fiji,FJI,..,3.96,4.41,4.42,4.44,4.39,4.36,4.32,4.24,4.16,4.11,4.79
"Unemployment, total (% of total labor force) (modeled ILO estimate)",SL.UEM.TOTL.ZS,Finland,FIN,..,11.13,7.78,7.69,8.19,8.66,9.38,8.82,8.64,7.36,6.7,7.83
"Unemployment, total (% of total labor force) (modeled ILO estimate)",SL.UEM.TOTL.ZS,France,FRA,..,10.22,8.81,9.4,9.92,10.29,10.35,10.04,9.41,9.02,8.44,8.62
"Unemployment, total (% of total labor force) (modeled ILO estimate)",SL.UEM.TOTL.ZS,French Polynesia,PYF,..,11.57,11.67,11.71,11.77,11.92,12.06,12.23,12.4,12.59,12.72,13.81
"Unemployment, total (% of total labor force) (modeled ILO estimate)",SL.UEM.TOTL.ZS,Gabon,GAB,..,17.39,20.38,20.4,20.41,20.3,20.22,20.11,19.93,19.77,19.64,20.47
"Unemployment, total (% of total labor force) (modeled ILO estimate)",SL.UEM.TOTL.ZS,"Gambia, The",GMB,..,9.53,9.41,9.42,9.43,9.35,9.3,9.24,9.12,9.02,8.94,9.64
"Unemployment, total (% of total labor force) (modeled ILO estimate)",SL.UEM.TOTL.ZS,Georgia,GEO,..,10.82,19.63,19.65,19.42,17.44,16.51,16.6,13.94,12.67,11.57,12.05
"Unemployment, total (% of total labor force) (modeled ILO estimate)",SL.UEM.TOTL.ZS,Germany,DEU,..,7.92,5.82,5.38,5.23,4.98,4.62,4.12,3.75,3.38,3.14,4.31
"Unemployment, total (% of total labor force) (modeled ILO estimate)",SL.UEM.TOTL.ZS,Ghana,GHA,..,10.36,5.62,5.93,6.26,6.52,6.81,5.45,4.22,4.16,4.12,4.53
"Unemployment, total (% of total labor force) (modeled ILO estimate)",SL.UEM.TOTL.ZS,Gibraltar,GIB,..,..,..,..,..,..,..,..,..,..,..,..
"Unemployment, total (% of total labor force) (modeled ILO estimate)",SL.UEM.TOTL.ZS,Greece,GRC,..,11.25,17.87,24.44,27.47,26.49,24.9,23.54,21.49,19.29,17.31,16.85
"Unemployment, total (% of total labor force) (modeled ILO estimate)",SL.UEM.TOTL.ZS,Greenland,GRL,..,..,..,..,..,..,..,..,..,..,..,..
"Unemployment, total (% of total labor force) (modeled ILO estimate)",SL.UEM.TOTL.ZS,Grenada,GRD,..,..,..,..,..,..,..,..,..,..,..,..
"Unemployment, total (% of total labor force) (modeled ILO estimate)",SL.UEM.TOTL.ZS,Guam,GUM,..,15.32,13.3,12.2,11.5,7.6,6.9,5.4,5.49,5.59,5.65,7.51
"Unemployment, total (% of total labor force) (modeled ILO estimate)",SL.UEM.TOTL.ZS,Guatemala,GTM,..,2.8,3.12,2.77,3.02,2.72,2.51,2.58,2.46,2.41,2.36,4.65
"Unemployment, total (% of total labor force) (modeled ILO estimate)",SL.UEM.TOTL.ZS,Guinea,GIN,..,4.53,4.45,4.45,4.46,4.41,4.38,4.33,4.26,4.19,4.14,4.35
"Unemployment, total (% of total labor force) (modeled ILO estimate)",SL.UEM.TOTL.ZS,Guinea-Bissau,GNB,..,3.16,3.08,3.08,3.09,3.04,3.01,2.97,2.9,2.84,2.79,3.16
"Unemployment, total (% of total labor force) (modeled ILO estimate)",SL.UEM.TOTL.ZS,Guyana,GUY,..,11.84,12.35,12.67,12.99,13.21,13.46,13.69,13.85,14.02,13.91,15.82
"Unemployment, total (% of total labor force) (modeled ILO estimate)",SL.UEM.TOTL.ZS,Haiti,HTI,..,8.22,14.7,14.1,14.12,14.02,13.95,13.86,13.72,13.58,13.48,14.5
"Unemployment, total (% of total labor force) (modeled ILO estimate)",SL.UEM.TOTL.ZS,Honduras,HND,..,3.92,4.48,3.75,5.65,7.08,6.15,6.73,5.53,5.65,5.57,9.39
"Unemployment, total (% of total labor force) (modeled ILO estimate)",SL.UEM.TOTL.ZS,"Hong Kong SAR, China",HKG,..,4.92,3.42,3.29,3.4,3.3,3.32,3.39,3.09,3.04,2.96,5.8
"Unemployment, total (% of total labor force) (modeled ILO estimate)",SL.UEM.TOTL.ZS,Hungary,HUN,..,6.56,11.03,11,10.18,7.73,6.81,5.12,4.16,3.71,3.42,4.35
"Unemployment, total (% of total labor force) (modeled ILO estimate)",SL.UEM.TOTL.ZS,Iceland,ISL,..,1.94,7.03,6,5.38,4.9,3.98,2.98,2.74,2.7,3.51,5.01
"Unemployment, total (% of total labor force) (modeled ILO estimate)",SL.UEM.TOTL.ZS,India,IND,..,5.75,5.65,5.66,5.67,5.6,5.56,5.51,5.41,5.33,5.27,7.11
"Unemployment, total (% of total labor force) (modeled ILO estimate)",SL.UEM.TOTL.ZS,Indonesia,IDN,..,6.08,5.15,4.47,4.34,4.05,4.51,4.3,3.88,4.4,3.62,4.11
"Unemployment, total (% of total labor force) (modeled ILO estimate)",SL.UEM.TOTL.ZS,"Iran, Islamic Rep.",IRN,..,11.48,12.45,12.63,10.44,10.57,11.06,12.43,12.1,12.06,11.14,10.96
"Unemployment, total (% of total labor force) (modeled ILO estimate)",SL.UEM.TOTL.ZS,Iraq,IRQ,..,9.04,8.15,7.97,9.27,10.59,10.72,10.82,13.02,12.87,12.76,13.74
"Unemployment, total (% of total labor force) (modeled ILO estimate)",SL.UEM.TOTL.ZS,Ireland,IRL,..,4.32,15.35,15.45,13.74,11.86,9.91,8.37,6.71,5.74,4.95,5.92
"Unemployment, total (% of total labor force) (modeled ILO estimate)",SL.UEM.TOTL.ZS,Isle of Man,IMN,..,..,..,..,..,..,..,..,..,..,..,..
"Unemployment, total (% of total labor force) (modeled ILO estimate)",SL.UEM.TOTL.ZS,Israel,ISR,..,11.1,7.14,6.86,6.21,5.89,5.25,4.8,4.22,4,3.8,4.61
"Unemployment, total (% of total labor force) (modeled ILO estimate)",SL.UEM.TOTL.ZS,Italy,ITA,..,10.84,8.36,10.66,12.15,12.68,11.9,11.69,11.21,10.61,9.95,9.31
"Unemployment, total (% of total labor force) (modeled ILO estimate)",SL.UEM.TOTL.ZS,Jamaica,JAM,..,15.54,12.7,13.93,15.25,13.74,13.51,13.19,11.63,9.1,7.72,8.4
"Unemployment, total (% of total labor force) (modeled ILO estimate)",SL.UEM.TOTL.ZS,Japan,JPN,..,4.7,4.52,4.3,4,3.6,3.4,3.1,2.8,2.4,2.4,2.97
"Unemployment, total (% of total labor force) (modeled ILO estimate)",SL.UEM.TOTL.ZS,Jordan,JOR,..,13.7,12.9,12.2,12.6,11.9,13.08,15.28,15.78,16.29,16.85,18.5
"Unemployment, total (% of total labor force) (modeled ILO estimate)",SL.UEM.TOTL.ZS,Kazakhstan,KAZ,..,12.75,5.39,5.29,5.2,5.06,4.93,4.96,4.9,4.85,4.8,6.05
"Unemployment, total (% of total labor force) (modeled ILO estimate)",SL.UEM.TOTL.ZS,Kenya,KEN,..,2.93,2.86,2.86,2.87,2.82,2.8,2.76,2.69,2.64,2.6,2.98
"Unemployment, total (% of total labor force) (modeled ILO estimate)",SL.UEM.TOTL.ZS,Kiribati,KIR,..,..,..,..,..,..,..,..,..,..,..,..
"Unemployment, total (% of total labor force) (modeled ILO estimate)",SL.UEM.TOTL.ZS,"Korea, Dem. People's Rep.",PRK,..,2.97,2.9,2.9,2.91,2.86,2.83,2.79,2.72,2.66,2.62,2.81
"Unemployment, total (% of total labor force) (modeled ILO estimate)",SL.UEM.TOTL.ZS,"Korea, Rep.",KOR,..,4.4,3.4,3.2,3.1,3.5,3.55,3.65,3.65,3.82,3.75,4.07
"Unemployment, total (% of total labor force) (modeled ILO estimate)",SL.UEM.TOTL.ZS,Kosovo,XKX,..,..,..,..,..,..,..,..,..,..,..,..
"Unemployment, total (% of total labor force) (modeled ILO estimate)",SL.UEM.TOTL.ZS,Kuwait,KWT,..,0.8,2.07,2.3,2.56,2.9,2.2,2.16,2.25,2.34,2.41,6.79
"Unemployment, total (% of total labor force) (modeled ILO estimate)",SL.UEM.TOTL.ZS,Kyrgyz Republic,KGZ,..,7.54,8.53,8.43,8.33,8.05,7.56,7.21,6.89,6.79,6.72,7.89
"Unemployment, total (% of total labor force) (modeled ILO estimate)",SL.UEM.TOTL.ZS,Lao PDR,LAO,..,1.95,0.71,0.71,0.71,0.7,0.69,0.67,0.65,0.64,0.62,0.95
"Unemployment, total (% of total labor force) (modeled ILO estimate)",SL.UEM.TOTL.ZS,Latvia,LVA,..,14.21,16.21,15.05,11.87,10.85,9.87,9.64,8.72,7.41,6.31,8.19
"Unemployment, total (% of total labor force) (modeled ILO estimate)",SL.UEM.TOTL.ZS,Lebanon,LBN,..,8.31,6.39,6.4,6.41,6.35,6.31,6.26,6.18,6.1,6.04,6.61
"Unemployment, total (% of total labor force) (modeled ILO estimate)",SL.UEM.TOTL.ZS,Lesotho,LSO,..,35.27,26.04,25.3,24.58,24.47,24.4,24.3,24.13,23.98,23.86,24.65
"Unemployment, total (% of total labor force) (modeled ILO estimate)",SL.UEM.TOTL.ZS,Liberia,LBR,..,2.32,2.24,2.21,2.19,2.13,2.08,3.08,3,2.94,2.89,3.3
"Unemployment, total (% of total labor force) (modeled ILO estimate)",SL.UEM.TOTL.ZS,Libya,LBY,..,19.19,19.02,19.03,19.05,18.94,18.87,18.77,18.61,18.46,18.34,19.39
"Unemployment, total (% of total labor force) (modeled ILO estimate)",SL.UEM.TOTL.ZS,Liechtenstein,LIE,..,..,..,..,..,..,..,..,..,..,..,..
"Unemployment, total (% of total labor force) (modeled ILO estimate)",SL.UEM.TOTL.ZS,Lithuania,LTU,..,15.93,15.39,13.37,11.77,10.7,9.12,7.86,7.07,6.15,6.26,8.43
"Unemployment, total (% of total labor force) (modeled ILO estimate)",SL.UEM.TOTL.ZS,Luxembourg,LUX,..,2.35,4.9,5.14,5.85,5.85,6.67,6.29,5.52,5.59,5.6,6.96
"Unemployment, total (% of total labor force) (modeled ILO estimate)",SL.UEM.TOTL.ZS,"Macao SAR, China",MAC,..,6.8,2.56,1.97,1.82,1.7,1.81,1.9,2,1.8,1.7,2.5
"Unemployment, total (% of total labor force) (modeled ILO estimate)",SL.UEM.TOTL.ZS,Madagascar,MDG,..,5.8,2.02,0.6,0.94,1.33,1.79,1.76,1.73,1.69,1.67,1.92
"Unemployment, total (% of total labor force) (modeled ILO estimate)",SL.UEM.TOTL.ZS,Malawi,MWI,..,6.03,5.93,5.94,5.95,5.89,5.85,5.79,5.7,5.62,5.56,5.99
"Unemployment, total (% of total labor force) (modeled ILO estimate)",SL.UEM.TOTL.ZS,Malaysia,MYS,..,3,3.05,3.04,3.11,2.88,3.1,3.44,3.41,3.3,3.31,4.55
"Unemployment, total (% of total labor force) (modeled ILO estimate)",SL.UEM.TOTL.ZS,Maldives,MDV,..,1.97,8.86,7.57,6.37,5.21,5.67,6.12,6,5.9,5.82,7.18
"Unemployment, total (% of total labor force) (modeled ILO estimate)",SL.UEM.TOTL.ZS,Mali,MLI,..,5.33,6.9,6.62,6.35,6.38,7.73,7.6,7.41,7.31,7.24,7.5
"Unemployment, total (% of total labor force) (modeled ILO estimate)",SL.UEM.TOTL.ZS,Malta,MLT,..,6.32,6.38,6.2,6.11,5.73,5.38,4.69,4,3.66,3.4,4.09
"Unemployment, total (% of total labor force) (modeled ILO estimate)",SL.UEM.TOTL.ZS,Marshall Islands,MHL,..,..,..,..,..,..,..,..,..,..,..,..
"Unemployment, total (% of total labor force) (modeled ILO estimate)",SL.UEM.TOTL.ZS,Mauritania,MRT,..,9.98,9.86,9.87,10.04,10.12,10.22,10.31,10.34,10.22,10.13,10.66
"Unemployment, total (% of total labor force) (modeled ILO estimate)",SL.UEM.TOTL.ZS,Mauritius,MUS,..,9.24,7.45,7.47,7.32,7.47,7.41,6.81,6.75,6.43,6.36,7.11
"Unemployment, total (% of total labor force) (modeled ILO estimate)",SL.UEM.TOTL.ZS,Mexico,MEX,..,2.65,5.17,4.89,4.91,4.81,4.31,3.86,3.42,3.28,3.48,4.71
"Unemployment, total (% of total labor force) (modeled ILO estimate)",SL.UEM.TOTL.ZS,"Micronesia, Fed. Sts.",FSM,..,..,..,..,..,..,..,..,..,..,..,..
"Unemployment, total (% of total labor force) (modeled ILO estimate)",SL.UEM.TOTL.ZS,Moldova,MDA,..,8.46,6.68,5.58,5.1,3.86,3.69,4.19,4.1,4.11,5.1,4.71
"Unemployment, total (% of total labor force) (modeled ILO estimate)",SL.UEM.TOTL.ZS,Monaco,MCO,..,..,..,..,..,..,..,..,..,..,..,..
"Unemployment, total (% of total labor force) (modeled ILO estimate)",SL.UEM.TOTL.ZS,Mongolia,MNG,..,6.18,4.77,3.91,4.23,4.8,4.86,7.24,6.36,5.38,5.31,4.33
"Unemployment, total (% of total labor force) (modeled ILO estimate)",SL.UEM.TOTL.ZS,Montenegro,MNE,..,30.58,19.67,19.97,19.5,18,17.54,17.72,16.07,15.18,15.12,15.86
"Unemployment, total (% of total labor force) (modeled ILO estimate)",SL.UEM.TOTL.ZS,Morocco,MAR,..,13.58,8.91,8.99,9.23,9.7,9.46,9.3,9.19,9.08,9.01,10.15
"Unemployment, total (% of total labor force) (modeled ILO estimate)",SL.UEM.TOTL.ZS,Mozambique,MOZ,..,2.85,3.3,3.35,3.41,3.41,3.43,3.38,3.31,3.24,3.19,3.39
"Unemployment, total (% of total labor force) (modeled ILO estimate)",SL.UEM.TOTL.ZS,Myanmar,MMR,..,0.82,0.79,0.79,0.8,0.78,0.77,1.14,1.56,0.87,0.5,1.79
"Unemployment, total (% of total labor force) (modeled ILO estimate)",SL.UEM.TOTL.ZS,Namibia,NAM,..,20.3,19.33,16.77,19.03,18.52,20.89,23.35,21.57,19.88,19.75,20.35
"Unemployment, total (% of total labor force) (modeled ILO estimate)",SL.UEM.TOTL.ZS,Nauru,NRU,..,..,..,..,..,..,..,..,..,..,..,..
"Unemployment, total (% of total labor force) (modeled ILO estimate)",SL.UEM.TOTL.ZS,Nepal,NPL,..,1.8,2.11,2.36,2.63,2.85,3.1,3.05,2.97,2.9,2.85,4.44
"Unemployment, total (% of total labor force) (modeled ILO estimate)",SL.UEM.TOTL.ZS,Netherlands,NLD,..,2.73,4.98,5.82,7.24,7.42,6.87,6.01,4.84,3.83,3.38,4.09
"Unemployment, total (% of total labor force) (modeled ILO estimate)",SL.UEM.TOTL.ZS,New Caledonia,NCL,..,17.51,14.18,14.27,14.38,14.59,14.75,14.92,15.11,15.31,15.45,16.52
"Unemployment, total (% of total labor force) (modeled ILO estimate)",SL.UEM.TOTL.ZS,New Zealand,NZL,..,6.13,6.49,6.93,5.77,5.37,5.35,5.08,4.7,4.3,4.07,4.55
"Unemployment, total (% of total labor force) (modeled ILO estimate)",SL.UEM.TOTL.ZS,Nicaragua,NIC,..,7.58,6.45,5.21,5.28,4.52,4.7,3.9,3.3,5.2,5.14,5.82
"Unemployment, total (% of total labor force) (modeled ILO estimate)",SL.UEM.TOTL.ZS,Niger,NER,..,1.48,0.32,2.18,1.22,0.52,0.52,0.51,0.49,0.47,0.46,0.69
"Unemployment, total (% of total labor force) (modeled ILO estimate)",SL.UEM.TOTL.ZS,Nigeria,NGA,..,3.83,3.77,3.74,3.7,4.56,4.31,7.06,8.39,8.45,8.53,9.01
"Unemployment, total (% of total labor force) (modeled ILO estimate)",SL.UEM.TOTL.ZS,North Macedonia,MKD,..,32.2,31.38,31.02,29,28.03,26.07,23.72,22.38,20.74,17.26,18.4
"Unemployment, total (% of total labor force) (modeled ILO estimate)",SL.UEM.TOTL.ZS,Northern Mariana Islands,MNP,..,..,..,..,..,..,..,..,..,..,..,..
"Unemployment, total (% of total labor force) (modeled ILO estimate)",SL.UEM.TOTL.ZS,Norway,NOR,..,3.46,3.22,3.12,3.42,3.48,4.3,4.68,4.16,3.8,3.69,4.62
"Unemployment, total (% of total labor force) (modeled ILO estimate)",SL.UEM.TOTL.ZS,Oman,OMN,..,3.49,3.64,3.52,3.42,3.37,3.32,3.27,2.49,1.8,1.84,4.97
"Unemployment, total (% of total labor force) (modeled ILO estimate)",SL.UEM.TOTL.ZS,Pakistan,PAK,..,0.63,0.8,1.7,2.95,1.83,3.57,3.78,3.94,4.08,3.98,4.65
"Unemployment, total (% of total labor force) (modeled ILO estimate)",SL.UEM.TOTL.ZS,Palau,PLW,..,..,..,..,..,..,..,..,..,..,..,..
"Unemployment, total (% of total labor force) (modeled ILO estimate)",SL.UEM.TOTL.ZS,Panama,PAN,..,3.79,2.31,2.39,2.3,2.72,3,3.32,3.9,3.89,4.74,10.23
"Unemployment, total (% of total labor force) (modeled ILO estimate)",SL.UEM.TOTL.ZS,Papua New Guinea,PNG,..,2.92,2.62,2.63,2.63,2.59,2.56,2.53,2.47,2.41,2.37,2.74
"Unemployment, total (% of total labor force) (modeled ILO estimate)",SL.UEM.TOTL.ZS,Paraguay,PRY,..,9.36,4.67,4.09,4.39,5.03,4.56,5.26,4.62,5.56,6.6,7.61
"Unemployment, total (% of total labor force) (modeled ILO estimate)",SL.UEM.TOTL.ZS,Peru,PER,..,5.78,3.27,2.94,3.21,2.85,2.92,3.38,3.35,3.18,3.03,6.24
"Unemployment, total (% of total labor force) (modeled ILO estimate)",SL.UEM.TOTL.ZS,Philippines,PHL,..,3.71,3.59,3.5,3.5,3.6,3.07,2.69,2.55,2.34,2.24,3.36
"Unemployment, total (% of total labor force) (modeled ILO estimate)",SL.UEM.TOTL.ZS,Poland,POL,..,16.31,9.63,10.09,10.33,8.99,7.5,6.16,4.89,3.85,3.28,3.55
"Unemployment, total (% of total labor force) (modeled ILO estimate)",SL.UEM.TOTL.ZS,Portugal,PRT,..,3.81,12.68,15.53,16.18,13.89,12.44,11.07,8.87,6.99,6.46,7.2
"Unemployment, total (% of total labor force) (modeled ILO estimate)",SL.UEM.TOTL.ZS,Puerto Rico,PRI,..,10.08,15.7,14.5,14.3,13.9,12,11.8,10.8,9.2,8.3,11.17
"Unemployment, total (% of total labor force) (modeled ILO estimate)",SL.UEM.TOTL.ZS,Qatar,QAT,..,0.57,0.56,0.48,0.28,0.2,0.17,0.15,0.14,0.11,0.12,3.45
"Unemployment, total (% of total labor force) (modeled ILO estimate)",SL.UEM.TOTL.ZS,Romania,ROU,..,6.97,7.18,6.79,7.1,6.8,6.81,5.9,4.93,4.19,3.91,4.84
"Unemployment, total (% of total labor force) (modeled ILO estimate)",SL.UEM.TOTL.ZS,Russian Federation,RUS,..,10.58,6.54,5.44,5.46,5.16,5.57,5.56,5.21,4.85,4.6,5.73
"Unemployment, total (% of total labor force) (modeled ILO estimate)",SL.UEM.TOTL.ZS,Rwanda,RWA,..,0.77,1.1,1.14,1.18,1.17,1.14,1.11,1.06,1.02,0.99,1.35
"Unemployment, total (% of total labor force) (modeled ILO estimate)",SL.UEM.TOTL.ZS,Samoa,WSM,..,4.64,5.68,8.75,8.79,8.72,8.66,8.58,8.44,8.32,8.22,8.87
"Unemployment, total (% of total labor force) (modeled ILO estimate)",SL.UEM.TOTL.ZS,San Marino,SMR,..,..,..,..,..,..,..,..,..,..,..,..
"Unemployment, total (% of total labor force) (modeled ILO estimate)",SL.UEM.TOTL.ZS,Sao Tome and Principe,STP,..,14.4,14.1,13.59,13.6,13.52,13.46,13.39,13.26,13.14,13.05,13.86
"Unemployment, total (% of total labor force) (modeled ILO estimate)",SL.UEM.TOTL.ZS,Saudi Arabia,SAU,..,4.57,5.77,5.52,5.57,5.72,5.59,5.65,5.89,6.04,6.13,8.22
"Unemployment, total (% of total labor force) (modeled ILO estimate)",SL.UEM.TOTL.ZS,Senegal,SEN,..,5.64,10.36,9.42,8.53,7.61,6.76,6.7,6.61,6.53,6.47,7.1
"Unemployment, total (% of total labor force) (modeled ILO estimate)",SL.UEM.TOTL.ZS,Serbia,SRB,..,12.6,22.97,24,22.15,19.22,17.66,15.26,13.48,12.73,10.4,9.08
"Unemployment, total (% of total labor force) (modeled ILO estimate)",SL.UEM.TOTL.ZS,Seychelles,SYC,..,..,..,..,..,..,..,..,..,..,..,..
"Unemployment, total (% of total labor force) (modeled ILO estimate)",SL.UEM.TOTL.ZS,Sierra Leone,SLE,..,3.44,4.29,4.44,4.59,4.68,4.64,4.59,4.5,4.42,4.36,4.6
"Unemployment, total (% of total labor force) (modeled ILO estimate)",SL.UEM.TOTL.ZS,Singapore,SGP,..,3.7,3.89,3.72,3.86,3.74,3.79,4.08,4.2,3.65,3.1,5.19
"Unemployment, total (% of total labor force) (modeled ILO estimate)",SL.UEM.TOTL.ZS,Sint Maarten (Dutch part),SXM,..,..,..,..,..,..,..,..,..,..,..,..
"Unemployment, total (% of total labor force) (modeled ILO estimate)",SL.UEM.TOTL.ZS,Slovak Republic,SVK,..,19.06,13.62,13.96,14.22,13.18,11.48,9.67,8.13,6.54,5.75,6.79
"Unemployment, total (% of total labor force) (modeled ILO estimate)",SL.UEM.TOTL.ZS,Slovenia,SVN,..,6.92,8.17,8.84,10.1,9.67,8.96,8,6.56,5.11,4.45,5.17
"Unemployment, total (% of total labor force) (modeled ILO estimate)",SL.UEM.TOTL.ZS,Solomon Islands,SLB,..,2.13,1.28,0.96,0.69,0.68,0.67,0.66,0.64,0.62,0.6,0.79
"Unemployment, total (% of total labor force) (modeled ILO estimate)",SL.UEM.TOTL.ZS,Somalia,SOM,..,13.54,13.38,13.39,13.41,13.32,13.25,13.17,13.02,12.89,12.79,13.1
"Unemployment, total (% of total labor force) (modeled ILO estimate)",SL.UEM.TOTL.ZS,South Africa,ZAF,..,29.88,24.64,24.73,24.56,24.89,25.15,26.54,27.04,26.91,28.47,28.74
"Unemployment, total (% of total labor force) (modeled ILO estimate)",SL.UEM.TOTL.ZS,South Sudan,SSD,..,12.72,12.57,12.59,12.6,12.51,12.45,12.37,12.23,12.1,12.01,12.66
"Unemployment, total (% of total labor force) (modeled ILO estimate)",SL.UEM.TOTL.ZS,Spain,ESP,..,13.79,21.39,24.79,26.09,24.44,22.06,19.64,17.22,15.26,14.1,15.67
"Unemployment, total (% of total labor force) (modeled ILO estimate)",SL.UEM.TOTL.ZS,Sri Lanka,LKA,..,7.74,4.12,3.88,4.24,4.19,4.52,4.24,4.05,4.32,4.27,4.84
"Unemployment, total (% of total labor force) (modeled ILO estimate)",SL.UEM.TOTL.ZS,St. Kitts and Nevis,KNA,..,..,..,..,..,..,..,..,..,..,..,..
"Unemployment, total (% of total labor force) (modeled ILO estimate)",SL.UEM.TOTL.ZS,St. Lucia,LCA,..,16.49,18.86,19.06,22.21,21.41,20.67,19.91,19.1,19.29,15.59,17.13
"Unemployment, total (% of total labor force) (modeled ILO estimate)",SL.UEM.TOTL.ZS,St. Martin (French part),MAF,..,..,..,..,..,..,..,..,..,..,..,..
"Unemployment, total (% of total labor force) (modeled ILO estimate)",SL.UEM.TOTL.ZS,St. Vincent and the Grenadines,VCT,..,21.03,19.31,19.33,19.35,19.23,19.16,19.06,18.89,18.73,18.62,20.27
"Unemployment, total (% of total labor force) (modeled ILO estimate)",SL.UEM.TOTL.ZS,Sudan,SDN,..,15.45,17.44,17.45,17.47,17.36,17.29,17.19,17.02,16.87,16.76,17.71
"Unemployment, total (% of total labor force) (modeled ILO estimate)",SL.UEM.TOTL.ZS,Suriname,SUR,..,12.69,7.54,8.1,6.6,6.94,7.22,7.17,7.08,7,6.94,8.65
"Unemployment, total (% of total labor force) (modeled ILO estimate)",SL.UEM.TOTL.ZS,Sweden,SWE,..,5.47,7.8,7.98,8.05,7.95,7.43,6.99,6.72,6.37,6.83,8.45
"Unemployment, total (% of total labor force) (modeled ILO estimate)",SL.UEM.TOTL.ZS,Switzerland,CHE,..,2.67,4.4,4.49,4.75,4.83,4.8,4.92,4.8,4.71,4.39,4.94
"Unemployment, total (% of total labor force) (modeled ILO estimate)",SL.UEM.TOTL.ZS,Syrian Arab Republic,SYR,..,9.51,8.6,8.61,8.62,8.55,8.5,8.44,8.33,8.23,8.16,9.03
"Unemployment, total (% of total labor force) (modeled ILO estimate)",SL.UEM.TOTL.ZS,Tajikistan,TJK,..,14.96,10.16,9.5,8.86,8.17,7.53,6.9,6.81,6.72,6.66,7.5
"Unemployment, total (% of total labor force) (modeled ILO estimate)",SL.UEM.TOTL.ZS,Tanzania,TZA,..,3.08,3.47,3.19,2.93,2.13,2.1,2.08,2.03,1.99,1.96,2.16
"Unemployment, total (% of total labor force) (modeled ILO estimate)",SL.UEM.TOTL.ZS,Thailand,THA,..,2.39,0.66,0.58,0.21,0.58,0.6,0.69,0.83,0.77,0.72,1.02
"Unemployment, total (% of total labor force) (modeled ILO estimate)",SL.UEM.TOTL.ZS,Timor-Leste,TLS,..,3.36,3.53,3.77,4.03,4.23,4.45,4.66,4.57,4.48,4.42,5.06
"Unemployment, total (% of total labor force) (modeled ILO estimate)",SL.UEM.TOTL.ZS,Togo,TGO,..,4.46,1.98,2.05,2.12,2.16,2.2,2.95,3.74,3.66,3.6,4.05
"Unemployment, total (% of total labor force) (modeled ILO estimate)",SL.UEM.TOTL.ZS,Tonga,TON,..,3.74,1.92,2.11,2.31,2.46,2.64,2.8,2.93,3.07,3.01,4.37
"Unemployment, total (% of total labor force) (modeled ILO estimate)",SL.UEM.TOTL.ZS,Trinidad and Tobago,TTO,..,3.61,3.43,3.72,2.68,2.48,2.43,3.21,3.3,3.4,3.46,6.74
"Unemployment, total (% of total labor force) (modeled ILO estimate)",SL.UEM.TOTL.ZS,Tunisia,TUN,..,14.94,18.33,17.63,15.93,15.06,15.16,15.51,15.38,15.46,15.13,16.69
"Unemployment, total (% of total labor force) (modeled ILO estimate)",SL.UEM.TOTL.ZS,Turkey,TUR,..,6.5,8.8,8.15,8.73,9.88,10.24,10.84,10.82,10.89,13.67,13.92
"Unemployment, total (% of total labor force) (modeled ILO estimate)",SL.UEM.TOTL.ZS,Turkmenistan,TKM,..,11.67,4,4,4.01,3.97,3.94,3.9,3.84,3.79,3.74,4.38
"Unemployment, total (% of total labor force) (modeled ILO estimate)",SL.UEM.TOTL.ZS,Turks and Caicos Islands,TCA,..,..,..,..,..,..,..,..,..,..,..,..
"Unemployment, total (% of total labor force) (modeled ILO estimate)",SL.UEM.TOTL.ZS,Tuvalu,TUV,..,..,..,..,..,..,..,..,..,..,..,..
"Unemployment, total (% of total labor force) (modeled ILO estimate)",SL.UEM.TOTL.ZS,Uganda,UGA,..,2.85,3.58,3.55,1.91,1.88,1.86,1.83,1.79,1.75,1.72,2.44
"Unemployment, total (% of total labor force) (modeled ILO estimate)",SL.UEM.TOTL.ZS,Ukraine,UKR,..,11.71,7.85,7.53,7.17,9.27,9.14,9.35,9.51,8.8,8.19,9.48
"Unemployment, total (% of total labor force) (modeled ILO estimate)",SL.UEM.TOTL.ZS,United Arab Emirates,ARE,..,2.25,2.23,2.09,1.95,1.84,1.74,1.64,2.46,2.23,2.28,5
"Unemployment, total (% of total labor force) (modeled ILO estimate)",SL.UEM.TOTL.ZS,United Kingdom,GBR,..,5.56,8.04,7.89,7.52,6.11,5.3,4.81,4.33,4,3.74,4.34
"Unemployment, total (% of total labor force) (modeled ILO estimate)",SL.UEM.TOTL.ZS,United States,USA,..,3.99,8.95,8.07,7.38,6.17,5.28,4.87,4.36,3.9,3.67,8.31
"Unemployment, total (% of total labor force) (modeled ILO estimate)",SL.UEM.TOTL.ZS,Uruguay,URY,..,12.63,6.31,6.45,6.44,6.55,7.49,7.84,7.89,8.34,9.35,12.67
"Unemployment, total (% of total labor force) (modeled ILO estimate)",SL.UEM.TOTL.ZS,Uzbekistan,UZB,..,12.06,5,4.9,4.9,5.1,5.2,5.2,5.8,5.71,5.65,5.97
"Unemployment, total (% of total labor force) (modeled ILO estimate)",SL.UEM.TOTL.ZS,Vanuatu,VUT,..,4.72,1.85,1.85,1.85,1.83,1.81,1.79,1.75,1.72,1.69,1.95
"Unemployment, total (% of total labor force) (modeled ILO estimate)",SL.UEM.TOTL.ZS,"Venezuela, RB",VEN,..,13.99,6.9,6.6,7.54,7.48,7.44,7.39,7.3,7.22,7.16,9.14
"Unemployment, total (% of total labor force) (modeled ILO estimate)",SL.UEM.TOTL.ZS,Vietnam,VNM,..,2.26,1,1.03,1.32,1.26,1.85,1.85,1.87,1.16,2.04,2.27
"Unemployment, total (% of total labor force) (modeled ILO estimate)",SL.UEM.TOTL.ZS,Virgin Islands (U.S.),VIR,..,6.76,7.27,7.3,7.34,7.45,7.57,7.69,7.84,7.99,8.09,11.84
"Unemployment, total (% of total labor force) (modeled ILO estimate)",SL.UEM.TOTL.ZS,West Bank and Gaza,PSE,..,10.63,17.6,19.2,19.89,20.53,23.01,23.94,25.68,26.26,25.34,27.35
"Unemployment, total (% of total labor force) (modeled ILO estimate)",SL.UEM.TOTL.ZS,"Yemen, Rep.",YEM,..,11.57,13.08,13.24,13.41,13.47,13.4,13.31,13.15,13.01,12.9,13.42
"Unemployment, total (% of total labor force) (modeled ILO estimate)",SL.UEM.TOTL.ZS,Zambia,ZMB,..,12.93,10.34,7.85,8.61,9.34,10.1,10.88,11.63,12.01,11.91,12.17
"Unemployment, total (% of total labor force) (modeled ILO estimate)",SL.UEM.TOTL.ZS,Zimbabwe,ZWE,..,5.64,5.37,5.38,5.38,5.33,5.29,5.24,5.15,5.07,5.02,5.73
"Unemployment, total (% of total labor force) (modeled ILO estimate)",SL.UEM.TOTL.ZS,Africa Eastern and Southern,AFE,..,7.65769770351238,6.73071983180151,6.57824299805353,6.48067267796578,6.41446216201834,6.46859789017261,6.54635114689887,6.52306074435339,6.41439164755671,6.47226928955243,6.81417669985147
"Unemployment, total (% of total labor force) (modeled ILO estimate)",SL.UEM.TOTL.ZS,Africa Western and Central,AFW,..,4.82612900089575,4.46673087945792,4.56013928458508,4.35618721923574,4.64063155931021,4.5471131400083,5.48648034766074,5.92710377514165,5.91061496406833,5.92892616293053,6.30010472059681
"Unemployment, total (% of total labor force) (modeled ILO estimate)",SL.UEM.TOTL.ZS,Arab World,ARB,..,12.459707574853,10.3023107433369,10.4959934545158,10.5641547018004,10.6778097042911,10.7137928722577,10.507661087823,10.7182937754196,10.2565794280878,10.2072225784772,11.481565055978
"Unemployment, total (% of total labor force) (modeled ILO estimate)",SL.UEM.TOTL.ZS,Caribbean small states,CSS,..,11.6260760144225,10.5323384782271,11.1614440289591,11.7041867592606,10.899986703088,10.6552000313597,10.6526761066331,9.79103546687807,8.74308531743396,8.03163332332528,9.79804591449609
"Unemployment, total (% of total labor force) (modeled ILO estimate)",SL.UEM.TOTL.ZS,Central Europe and the Baltics,CEB,..,12.4336520143821,9.78950134034581,9.97787221603777,10.04678070942,8.9497725563513,7.81406197601667,6.4875672471277,5.29502738224311,4.31495143584406,3.77959349454902,4.56181965331029
"Unemployment, total (% of total labor force) (modeled ILO estimate)",SL.UEM.TOTL.ZS,Early-demographic dividend,EAR,..,6.30361865809034,5.6751371849514,5.65382808306449,5.73248726179864,5.65200526007557,5.78718374726786,5.7913140067337,5.68530210757563,5.63585142534853,5.60194626088011,6.86486578480005
"Unemployment, total (% of total labor force) (modeled ILO estimate)",SL.UEM.TOTL.ZS,East Asia & Pacific,EAS,..,3.56330692711657,4.09128703383448,4.06574700443409,4.03795259095385,4.00602136146584,4.04718795410293,3.95238421629485,3.83010293432016,3.73533665009126,3.85825398353959,4.3387491257598
"Unemployment, total (% of total labor force) (modeled ILO estimate)",SL.UEM.TOTL.ZS,East Asia & Pacific (excluding high income),EAP,..,3.43295760957929,4.06312105837299,4.05309915345514,4.03991050783041,4.01810996702905,4.07629315092437,3.98762806032589,3.87314410587268,3.79434727780043,3.93794310692006,4.38917997056282
"Unemployment, total (% of total labor force) (modeled ILO estimate)",SL.UEM.TOTL.ZS,East Asia & Pacific (IDA & IBRD countries),TEA,..,3.43953256491067,4.07983602881268,4.069693076082,4.05622739587548,4.03488080265533,4.09442875227251,4.00512163691399,3.89008304994599,3.81107657501488,3.95744770778883,4.41264564554665
"Unemployment, total (% of total labor force) (modeled ILO estimate)",SL.UEM.TOTL.ZS,Euro area,EMU,..,9.42597312407715,10.110130228637,11.2905073530155,11.9276418304987,11.6036220222323,10.8379273921593,10.0248106251474,9.06326044715616,8.18043402580075,7.55229856799245,8.20325602764402
"Unemployment, total (% of total labor force) (modeled ILO estimate)",SL.UEM.TOTL.ZS,Europe & Central Asia,ECS,..,9.81152634610398,8.76126621295808,8.96974733848537,9.19736504719627,8.94987324562742,8.54615266255999,8.07889567711769,7.47220663460791,6.88810572946084,6.68588841086627,7.40675213450157
"Unemployment, total (% of total labor force) (modeled ILO estimate)",SL.UEM.TOTL.ZS,Europe & Central Asia (excluding high income),ECA,..,10.6889136795317,7.81852456904163,7.2173049576179,7.23988569403826,7.4268462424881,7.5410875939814,7.50696831076665,7.25164254878633,6.92226222461472,7.13478949274496,7.96588074846973
"Unemployment, total (% of total labor force) (modeled ILO estimate)",SL.UEM.TOTL.ZS,Europe & Central Asia (IDA & IBRD countries),TEC,..,11.2387891396254,8.03092254185098,7.54874229036643,7.59951234721822,7.65356215242342,7.61514811593558,7.43807434628999,7.07983691725376,6.66834216466757,6.79610619022392,7.57094637025737
"Unemployment, total (% of total labor force) (modeled ILO estimate)",SL.UEM.TOTL.ZS,European Union,EUU,..,9.82492955827533,9.8386893715172,10.8084610038157,11.3287987138177,10.8477876277563,10.0245061599842,9.12154937075129,8.14014318877476,7.26754474064268,6.69803120009586,7.37492817935492
"Unemployment, total (% of total labor force) (modeled ILO estimate)",SL.UEM.TOTL.ZS,Fragile and conflict affected situations,FCS,..,5.64632532132381,5.30409984424066,5.34258803333175,5.41139260939423,5.5854793417562,5.5629228597894,6.06043085753756,6.35083897143335,6.24895447650161,6.21080168292098,6.87312430746009
"Unemployment, total (% of total labor force) (modeled ILO estimate)",SL.UEM.TOTL.ZS,Heavily indebted poor countries (HIPC),HPC,..,5.2323372508238,4.98532318466275,4.87961578153704,4.74336422937748,4.66054044603928,4.69284109520232,4.61246347352258,4.50874379044659,4.46342579456075,4.41401027624877,4.93540260825607
"Unemployment, total (% of total labor force) (modeled ILO estimate)",SL.UEM.TOTL.ZS,High income,HIC,..,6.52305216683914,7.89786636695957,7.93577671627112,7.84485479657092,7.24082692341793,6.62513593329436,6.1540182107657,5.59942465085747,5.08744993466548,4.79877205228422,6.80848180084402
"Unemployment, total (% of total labor force) (modeled ILO estimate)",SL.UEM.TOTL.ZS,IBRD only,IBD,..,6.07137278592021,5.69639363909551,5.66274836808024,5.6448497810787,5.61650403868434,5.73788673973721,5.84286198497739,5.78571947195761,5.65539078821484,5.74950866132192,6.74643779147215
"Unemployment, total (% of total labor force) (modeled ILO estimate)",SL.UEM.TOTL.ZS,IDA & IBRD total,IBT,..,5.76124983254633,5.37227194847844,5.36053498635102,5.36767195428374,5.3246409942258,5.45334223527402,5.58524944459803,5.56042008176933,5.44634511004526,5.50567561641781,6.41504866215236
"Unemployment, total (% of total labor force) (modeled ILO estimate)",SL.UEM.TOTL.ZS,IDA blend,IDB,..,3.77285852287801,2.86948048319307,3.13412993899027,3.56890336960757,3.41088043445248,3.97640867877061,4.87164938392406,5.38126236629667,5.45032810332462,5.4376438927621,5.95636734066672
"Unemployment, total (% of total labor force) (modeled ILO estimate)",SL.UEM.TOTL.ZS,IDA only,IDX,..,4.59731363538749,4.64932680210064,4.65409460694799,4.62813018603414,4.58043877520385,4.58479836770461,4.54347935313271,4.47914548777352,4.39017613337952,4.32817325645195,5.01630906455001
"Unemployment, total (% of total labor force) (modeled ILO estimate)",SL.UEM.TOTL.ZS,IDA total,IDA,..,4.34549949237678,4.09608799286142,4.1832912455633,4.3016011939517,4.21994436009561,4.39660430641386,4.64468703030121,4.75704702734277,4.71702157032374,4.67138933584337,5.30601636303798
"Unemployment, total (% of total labor force) (modeled ILO estimate)",SL.UEM.TOTL.ZS,Late-demographic dividend,LTE,..,5.21017176510404,5.03518629334448,5.04016763567854,5.0018484629292,4.91752436955034,5.06864188965266,5.240530546494,5.22320257823326,5.03493006699848,5.21907270991961,5.9349211134036
"Unemployment, total (% of total labor force) (modeled ILO estimate)",SL.UEM.TOTL.ZS,Latin America & Caribbean,LCN,..,9.16140120973757,6.47495049313825,6.39224370700578,6.34195980721563,6.16778480478442,6.69108833852548,7.80550681421781,8.08354318701257,7.95634520867609,7.98616672203364,10.2801351542291
"Unemployment, total (% of total labor force) (modeled ILO estimate)",SL.UEM.TOTL.ZS,Latin America & Caribbean (excluding high income),LAC,..,8.86217187889198,6.37649062266547,6.33052650101166,6.24515434082106,6.04632285211776,6.63489605580666,7.8504035344391,8.15695199200342,8.01408316440253,8.04150724589441,10.2714610450071
"Unemployment, total (% of total labor force) (modeled ILO estimate)",SL.UEM.TOTL.ZS,Latin America & the Caribbean (IDA & IBRD countries),TLA,..,9.23512776517061,6.4842962878717,6.40078603983519,6.35235565982507,6.188680484048,6.73938276731909,7.8867475106769,8.18073113701222,8.05483587196171,8.08681666529731,10.3796107321462
"Unemployment, total (% of total labor force) (modeled ILO estimate)",SL.UEM.TOTL.ZS,Least developed countries: UN classification,LDC,..,4.19304836483854,4.49899844163566,4.51499416835941,4.5280403170059,4.48164773095193,4.50728732659486,4.52403310018072,4.5012801468395,4.39613507717279,4.33507299753999,5.00762242611226
"Unemployment, total (% of total labor force) (modeled ILO estimate)",SL.UEM.TOTL.ZS,Low & middle income,LMY,..,5.59818062759261,5.30772936692271,5.29620200795475,5.29839911088938,5.26197818915597,5.40404010496849,5.54745939950848,5.53223728968998,5.42547577037342,5.48965960134328,6.3861147352422
"Unemployment, total (% of total labor force) (modeled ILO estimate)",SL.UEM.TOTL.ZS,Low income,LIC,..,4.99808563678303,4.95050680365044,4.97678440570581,4.87712127356844,4.85380660566834,4.87908151579264,4.83330433804793,4.74755069616541,4.66297818408605,4.61349011747205,5.10318049922879
"Unemployment, total (% of total labor force) (modeled ILO estimate)",SL.UEM.TOTL.ZS,Lower middle income,LMC,..,5.71362499572252,5.13402806431336,5.11921840764069,5.14451346437107,5.08674342853996,5.22175219719131,5.30576873458516,5.28080709559451,5.19110159383884,5.06907901875838,6.17511621852187
"Unemployment, total (% of total labor force) (modeled ILO estimate)",SL.UEM.TOTL.ZS,Middle East & North Africa,MEA,..,11.9644006915082,10.0014654803434,10.1903573183528,9.83429998300039,9.95181765909845,10.0550548943624,10.1134128834236,10.2386512338355,9.81297431356791,9.5968271053253,10.6343786054098
"Unemployment, total (% of total labor force) (modeled ILO estimate)",SL.UEM.TOTL.ZS,Middle East & North Africa (excluding high income),MNA,..,13.1100960856803,11.4348915720316,11.7634869596743,11.3702977205129,11.5566454405391,11.7804883684442,11.8754945152837,12.0119328985474,11.4950590873117,11.2144268587363,11.9045156747509
"Unemployment, total (% of total labor force) (modeled ILO estimate)",SL.UEM.TOTL.ZS,Middle East & North Africa (IDA & IBRD countries),TMN,..,13.1294003945051,11.3800944414613,11.6957424663972,11.2914952486913,11.4710042472523,11.6665486398541,11.7526211834628,11.869505435304,11.339555388162,11.060775374394,11.7328728044933
"Unemployment, total (% of total labor force) (modeled ILO estimate)",SL.UEM.TOTL.ZS,Middle income,MIC,..,5.64157652496073,5.33783414529252,5.32352204231253,5.3350630296382,5.29811710670347,5.451395959834,5.61319531954822,5.60585135330461,5.49846870418318,5.57517404215304,6.51537717898309
"Unemployment, total (% of total labor force) (modeled ILO estimate)",SL.UEM.TOTL.ZS,North America,NAC,..,4.27221310836943,8.79408832428069,7.98560718635762,7.34613111315918,6.25079976569255,5.45787089131637,5.1021146709019,4.57642436561424,4.11126989646469,3.88949185783606,8.4389468668727
"Unemployment, total (% of total labor force) (modeled ILO estimate)",SL.UEM.TOTL.ZS,Not classified,INX,..,..,..,..,..,..,..,..,..,..,..,..
"Unemployment, total (% of total labor force) (modeled ILO estimate)",SL.UEM.TOTL.ZS,OECD members,OED,..,6.77694170033161,8.03843987688793,8.01592115742603,7.92932471323467,7.4128536004925,6.83684409117288,6.4222838078767,5.89504557757821,5.45770749373693,5.39385384845985,7.37963718635683
"Unemployment, total (% of total labor force) (modeled ILO estimate)",SL.UEM.TOTL.ZS,Other small states,OSS,..,13.2074315708105,10.6284729907911,10.3440145280701,10.4870941761627,10.2334265656285,10.1564855905403,10.1510165244871,9.75542066111488,9.36362222230598,9.16899432512886,10.4620267915104
"Unemployment, total (% of total labor force) (modeled ILO estimate)",SL.UEM.TOTL.ZS,Pacific island small states,PSS,..,3.52478146932685,3.06566749238144,3.13495810617201,3.03245324382206,2.97058324269847,2.92310262746412,2.87223216587486,2.80111540066778,2.73621425104196,2.67829524662537,3.10680538428914
"Unemployment, total (% of total labor force) (modeled ILO estimate)",SL.UEM.TOTL.ZS,Post-demographic dividend,PST,..,6.53748713800642,8.01346953544256,8.06822233810854,7.98001681010247,7.45979742125763,6.86627412270847,6.40014727992523,5.83366636955688,5.28364899528676,4.95838474891878,6.95768546258796
"Unemployment, total (% of total labor force) (modeled ILO estimate)",SL.UEM.TOTL.ZS,Pre-demographic dividend,PRE,..,5.05788667153628,5.22192875891927,5.1518311907377,5.03542828017859,5.15028558276812,5.1229739914838,5.58916555498882,5.86493511717261,5.82248468671304,5.79679672279942,6.20722696064245
"Unemployment, total (% of total labor force) (modeled ILO estimate)",SL.UEM.TOTL.ZS,Small states,SST,..,12.2720546250383,10.1997666977408,10.1217326601209,10.3379809169084,9.9932756123809,9.89006368280381,9.88641369082634,9.42109385954955,8.92529420370726,8.64475496502825,9.98290077950529
"Unemployment, total (% of total labor force) (modeled ILO estimate)",SL.UEM.TOTL.ZS,South Asia,SAS,..,5.09447690112636,4.96376486771415,5.08532932510903,5.26125716212074,5.092405821669,5.24545920913143,5.2207808830174,5.15503634417406,5.10210975678172,5.03648259157799,6.62507641718098
"Unemployment, total (% of total labor force) (modeled ILO estimate)",SL.UEM.TOTL.ZS,South Asia (IDA & IBRD),TSA,..,5.09447690112636,4.96376486771415,5.08532932510903,5.26125716212074,5.092405821669,5.24545920913143,5.2207808830174,5.15503634417406,5.10210975678172,5.03648259157799,6.62507641718098
"Unemployment, total (% of total labor force) (modeled ILO estimate)",SL.UEM.TOTL.ZS,Sub-Saharan Africa,SSF,..,6.58953910152906,5.88574112215417,5.83535327735507,5.71078326714201,5.77552742829586,5.78072817332681,6.16899407716187,6.31042932304901,6.2338611001282,6.27682799648702,6.62907378161816
"Unemployment, total (% of total labor force) (modeled ILO estimate)",SL.UEM.TOTL.ZS,Sub-Saharan Africa (excluding high income),SSA,..,6.58953910152906,5.88574112215417,5.83535327735507,5.71078326714201,5.77552742829586,5.78072817332681,6.16899407716187,6.31042932304901,6.2338611001282,6.27682799648702,6.62907378161816
"Unemployment, total (% of total labor force) (modeled ILO estimate)",SL.UEM.TOTL.ZS,Sub-Saharan Africa (IDA & IBRD countries),TSS,..,6.58953910152906,5.88574112215417,5.83535327735507,5.71078326714201,5.77552742829586,5.78072817332681,6.16899407716187,6.31042932304901,6.2338611001282,6.27682799648702,6.62907378161816
"Unemployment, total (% of total labor force) (modeled ILO estimate)",SL.UEM.TOTL.ZS,Upper middle income,UMC,..,5.58194721044689,5.524930296636,5.51131376364468,5.51158572061744,5.49547391992215,5.66741189807888,5.90489334463157,5.9175594327118,5.79648098244751,6.0736446711794,6.85018098220749
"Unemployment, total (% of total labor force) (modeled ILO estimate)",SL.UEM.TOTL.ZS,World,WLD,..,5.80466027125931,5.78388761561308,5.77961166655759,5.76719231347665,5.62747023939249,5.63148347841058,5.6635575961135,5.55103056249041,5.37175865124152,5.37256933431952,6.47128085605066
,,,,,,,,,,,,,,,
,,,,,,,,,,,,,,,
,,,,,,,,,,,,,,,
Data from database: World Development Indicators,,,,,,,,,,,,,,,
Last Updated: 11/23/2021,,,,,,,,,,,,,,,
